time,length,frequency,pan,gain,voice,event
0.0,1.0,1.0,1.0,-2.696539702293474e308,0,0
0.0,1.0,0.0,0.0,-2.696539702293474e308,1,0
