{"ops":[{"t":0.0,"event_type":"On","voice":0,"event":0,"x":0.0,"y":0.007208362469726419,"z":0.0,"l":1.0},{"t":0.0,"event_type":"On","voice":1,"event":0,"x":-0.6666666666666667,"y":0.0,"z":0.0,"l":1.0},{"t":1.0,"event_type":"On","voice":0,"event":1,"x":1.0,"y":1.0,"z":0.0,"l":1.0},{"t":1.0,"event_type":"On","voice":1,"event":1,"x":0.33333333333333326,"y":0.9951920735717537,"z":0.0,"l":1.0}],"length":2.0}